"Household Services, Doha",ELECTRIC PLUMBING PAINTING CERAMIC WELDING SERVICE. Please call or whatsapp 30196778,30196778
"Household Services, Doha",ELECTRIC PLUMBING PAINTING GYPSUM PARTITION MASON SERVICE.CALL 70526557.,70526557
"Household Services, Doha","Moving,Shifting,packing Carpenter,trucks,Satalite Fixing,curtain Fixing call.70089601",70089601
"Household Services, Fereej Abdel Aziz",Labour Staff Accommodation furniture,
"Household Services, Doha",Almunium kitchen cabinet make and steel work make,
"Household Services, Doha", wooden bed repeir,
"Household Services, Doha",A.c Fridge And Washing MachineRepai... Call 66173617 ,66173617
"Household Services, Doha",ELECTRIC PLUMBING PAINTING SERVICE.CALL 70526557.,70526557
"Household Services, Najma",Gas Cooker Repair And Cleaning Service ,
"Household Services, Doha",washing machine repair ,
"Household Services, Doha",A.c Fridge Washing Machie Repair Call 33247690,33247690
"Household Services, Doha",AC FIRDGE WASHING MACHINE REPAIR,
"Household Services, Wakrah",LOOKING FOR HOUSE MAID,
"Household Services, Doha",Fridge Washing machine Service and Repair 70160171,70160171
"Household Services, Al Muntazah","Best Service at Low Price A/C Services, Electrical, Plumbing, Carpentry, Painting 30960039",30960039
"Household Services, Doha",Telephone for land line (OOREEDO),
"Household Services, Doha",A/C fridge washing machine service repear ,
"Household Services, Al Hilal",WE DO HOUSEHOLD ALL TYPES MAINTENANCE WORK,
"Household Services, Doha","All kinds of maintenance. Plumbing, Tiles / Ceramic, interlock, electrical, celling, gypsu",
"Household Services, New Al Rayyan / Al Wajba",Scrubs Cleaning Services,
"Household Services, Doha",Telephone for land line (OOREEDO),
"Household Services, Doha",A/C fridge washing machine service repear ,
"Household Services, Al Hilal",WE DO HOUSEHOLD ALL TYPES MAINTENANCE WORK,
"Household Services, New Al Rayyan / Al Wajba",Scrubs Cleaning Services,
"Household Services, Doha",FRIDGE & WASHING MACHINE REPEAR. 70366247.,70366247
"Household Services, Doha","Call--5592 8043=Shifting, Moving Transport service",
"Household Services, Doha",Jypsum partition and painting. ,
"Household Services, Doha",AC Install & Repair ,
"Household Services, Doha",repairing sale buying ,
"Household Services, Al Maamoura",Indian Babysitter Available in Al Maamoura,
"Household Services, Muither",QATAR LAKOS CLEANING AND HOSPITALITY SERVICES,
"Household Services, Fereej Bin Mahmoud",* Electrical works * Plumbing works ,
"Household Services, Al Dafna","Plumbing,Electric ,painting and all maintenance services.please call +97455981533.",97455981
"Household Services, The Pearl Qatar",WATER PUMP MAINTENANCE ,
"Household Services, Doha","Pure Homemade Food Mini thali/Full thali , Punjabi And Gujarati/North Indian food Availab",
"Household Services, Ain Khaled",We do curtains making and fixing carpet sale and fixing work.70089601,70089601
"Household Services, Doha","A/C FRIDGE, REFRIGERATOR, MAINTENANCE, SERVICES 30565074 ",30565074
"Household Services, Najma",I DO ALL KINDS OFF PLUMBING WORK ELECTRICAL AND BUILDING MAINTENANCE WORK CALL 70266943,70266943
"Household Services, Doha",A.C. and WASHING MACHINE REPAIR,
"Household Services, Doha",Any Fridge Freezer Repair ,
"Household Services, Doha","Home maintenance, Call me now +97450361089 ",97450361
"Household Services, Doha","Plumbing, Electric, painting all MAINTENANCE work.",
"Household Services, Madinat Khalifa North / Dahl Al Hamam"," Furniture Dismantling & Fixing
Call 66112982",66112982
"Household Services, Old Airport","Call-33370219 Home, villa, office Furniture Moving Fixing, Carpenter, Transport. We are e",33370219
"Household Services, Fereej Bin Omran",Does your company need Manpower from overseas? Call Us!!!,
"Household Services, Doha",AC Friday washing machine services ,
"Household Services, Doha",WINDOW LG A/C FOR SALE AND WASHING MACHINE BUYING,
"Household Services, Doha","repairing/gass/cookr/Servicing,caII,me,55076023",55076023
"Household Services, Doha",All type of Building mentanance job .,
"Household Services, Doha",electrical plumbing and painting works building maintenance and villa maintenance,
"Household Services, Doha",AC MAINTENANCE & SERVICES,
"Household Services, Wakrah","LCD, TV, Water Heater, Washing machine, AC repair",
"Household Services, Doha",Electrician and Plumber ,
"Household Services, The Pearl Qatar",panting gypsum partition widow cotton 77061913,77061913
"Household Services, Doha",Households maintenance services 77012171,77012171
"Household Services, Al Hilal","Best Price Call-77857240-Home,Villa Office Furniture Moving Fixing, Carpenter, Transport.",77857240
"Household Services, New Al Rayyan / Al Wajba",Building maintenance At a Reasonable Price,
"Household Services, Fereej Abdel Aziz",MATTRESS ,
"Household Services, Fereej Abdel Aziz", Wood Flooring Qatar,
"Household Services, Fereej Abdel Aziz",Office Furniture ,
"Household Services, Al Waab / Al Aziziya / New Al Ghanim",BabySitting/After School Care- Azizia by Filipina Housewife,
"Household Services, Muither","Gypsum Board Ceiling,Partition works 70245680",70245680
"Household Services, Fereej Abdel Aziz",Carpets Project,
"Household Services, Fereej Abdel Aziz",Vinyl Flooring Doha,
"Household Services, Fereej Abdel Aziz", Sofa Furniture ,
"Household Services, Doha",A/c. Fridge. Washing machine. Repair 55073487 ,55073487
"Household Services, Doha",moving shifting and service ,
"Household Services, Doha",Electritian Plumber,
"Household Services, Doha",Best painting and design service (low price) ,
"Household Services, Al Wukair",Part Time Cleaners,
"Household Services, Mushaireb","Coocking and cleaning
",
"Household Services, Al Hilal",FRIDGE WASHING MACHINE REPAIR CALL 66783998.,66783998
"Household Services, Najma",*Electric *Plumbing * Satellite *Cctv HD Camera DVR installation.,
"Household Services, Al Khor",AFTRON FRIDGE FOR SALE IN AL KHOR,
"Household Services, Doha",T.PEST CONTROL SERVICE CALL ME 70347224,70347224
"Household Services, Doha",A/C FRIDGE WASHING MACHINE SERVICE ,
"Household Services, Doha","Decoration , Gypsum , Paint , Partitions , Four Ceiling & all of the Work for Shops & Vill",
"Household Services, Doha",HOUSE MAID From Kerala,
"Household Services, Doha",I do electric and plumbing work call me (55607754),55607754
"Household Services, Doha","Moving & Shifting Labour, Carpenter & Pickup Services. ",
"Household Services, Fereej Abdel Aziz",Family Tents used 7 person's ,
"Household Services, Al Aziziya","new work,repair and maintainence.",
"Household Services, Doha",ac .fridge . Washing machine repair 33791615,33791615
"Household Services, Doha",wooden fance,
"Household Services, Abu Hamour",We do all types carpenter work services.70089601,70089601
"Household Services, Al Hilal",Any kind of A/C & Any problem..quick home/office/shop services.,
"Household Services, Al Hilal",AC repair /carpenter/partition/tiles fixing/ electric work . ,
"Household Services, Doha","AC, Fridge & Washing Machine Repair -33791615
",33791615
"Household Services, Doha",tailor embotari making,
"Household Services, Doha",AC installation repair and cleaning ,
"Household Services, Doha",Decor jypsum,
"Household Services, Wakrah","Fridge, Washing Machine, Water Heater, Water Cooler, AC Air Conditioner repair and mainten",
"Household Services, Al Duhail","Day Care/ Baby Sitting Duhail Area, behind Qatar University",
"Household Services, Al Hilal",MAINTENANCE WORKING,
"Household Services, Doha",{AIRTEL TUNNING AND RECHARGE},
"Household Services, Al Mansoura / Fereej Bin Dirham",Room patision and painting services work.70089601,70089601
"Household Services, Doha",Electric @ Plumbing,
"Household Services, New Salata / Al Asiri",Household Interior Fitouts & Maintenance,
"Household Services, Doha",Gypsum painting maintenance work 66436558,66436558
"Household Services, Doha",Painting maintenance work 70204745,70204745
"Household Services, Wakrah",BABY SITTING AVAILABLE IN WAKRAH ,
"Household Services, Al Khartiyat",plumbing electrical painting glass gypsum partition tile works plaster works villa mainten,
"Household Services, Al Aziziya",DAYCARE AND TUTION CLASSS IN AZIZIYA,
"Household Services, Ain Khaled",BABY SITTING ,
"Household Services, Doha",plumbing electric work,
"Household Services, Doha","Shifting/Moving, Carpentary, Truck Need Call/What'sapp: 74753212",74753212
"Household Services, Doha","Wood furniture making & repairing , Painting , Curtain fixing = 66971726",66971726
"Household Services, Barwa Village",SCHUYLER SECURITY SERVICE AND TRADING ,
"Household Services, Al Hilal",FRIDGE WASHING MACHINE REPAIR CALL 66783998.,66783998
"Household Services, Industrial Area","Packaged A C,Ducted split, split, AHU,Fcu, cassette, freestanding, split, Central AC serv",
"Household Services, Fereej Bin Mahmoud",MultipurposeTV stand and its combo fittings,
"Household Services, Najma","AC, WASHING MACHINE, ELECTRIC COOKER, MICRO WAVE OVEN MECHANIC AVAILABLE.",
"Household Services, Abu Hamour",Men's Collar,
"Household Services, Wakrah",house made required,
"Household Services, Madinat Khalifa South",Al Zamal trading contracting wll,
"Household Services, Ain Khaled",All kind of electrical and plumbing Works Available 24/7,
"Household Services, Fereej Bin Mahmoud",parttime cleaning and ironing boy available,
"Household Services, Fereej Bin Mahmoud",CCTV CAMERAE 50 - QAR ONLY CONTACT- 30203114,30203114
"Household Services, Doha",carpenter and all household service ,
"Household Services, Doha",DOING & PAINTING SERVICE CALL=55946113,55946113
"Household Services, Najma",WALLPAPER & CURTAIN FIXING CALL= 55946113,55946113
"Household Services, Najma","HOUSE, ROOM, OFFICE VILLA PAINTING CALL=50961460",50961460
"Household Services, New Al Rayyan / Al Wajba",Outdoor Heaters/pyramid Heater,
"Household Services, Doha",electrical plumbing electrician plastering gypsem partition welding plumber painter mason ,
"Household Services, Doha","GARRI, KNORR CHICKEN, HONEY BEANS, GOLDEN MORN, DUDU OSUN NOW AVAILABLE IN FAMILY FOOD CE",
"Household Services, Madinat Khalifa North / Dahl Al Hamam","Malayalee,Kerala,Housemaid,Baby,Pregnancy,Household,Services,Cooking,Cleaning",
"Household Services, Najma",BEST ELECTRIC PLUMBING PAINTING SERVICE 66858845,66858845
"Household Services, Doha",sofa repair&cloth chang curtain making new and Fixing.77160307,77160307
"Household Services, Doha",all types size medical matress sale.77160307,77160307
"Household Services, Doha",Maid Services - Female Cleaner - Call/Whatsapp - 55957958,55957958
"Household Services, Doha",South Indian Lady cook required,
"Household Services, Doha",Home AC General / Regular Maintenance Service!!!,
"Household Services, Ain Khaled",ELECTRICAL & PLUMPING WORK,
"Household Services, Doha",ELECTRICITY - PLUMBING & CARPENTER works ,
"Household Services, Al Muntazah","AC, ELECTRICAL, PLUMBING AND ALL MAINTENANCE SERVICES",
"Household Services, New Salata / Al Asiri",interiorfitout -66191107,66191107
"Household Services, Doha",gypsum patition,
"Household Services, Al Hilal",All kinds of maintenance work call me 50726573,50726573
"Household Services, Doha",ELECTRIC PLUMBER MAINTENANCE SERVICE WORK call me ,
"Household Services, Al Aziziya",DAY CARE WITH TUTION ClASSES IN AZIZIYA,
"Household Services, Doha",CAR DETAILING - DOOR TO DOOR SERVICES,
"Household Services, Abu Hamour",Philippine female cleaner/babysitter,
"Household Services, Doha",specialist in sofa and mattress shampooing ,
"Household Services, Doha",Part time house Cleaner Available,
"Household Services, Najma",ALUMINUM GLASS MAINTENACE&DECORATION WORK. ,
"Household Services, Umm Ghwailina",looking for part time job house clean.,
"Household Services, Doha",QUALIFIED PROFESSIONAL NURSING SERVICES ,
"Household Services, Doha",NURSES AVAILABLE MAANI HEALTHCARE ,
"Household Services, Al Aziziya",Household maintenance ,
"Household Services, Abu Hamour",Peral Best moving shifting service please call me 66503588,66503588
"Household Services, Doha",plumber electric maintenance service work call me ,
"Household Services, Doha",Daycare with Tutoring in Aziziya ,
"Household Services, Doha","Electric, Plumbing, work. Whatsapp:55733701",55733701
"Household Services, Abu Hamour",3 door wardrobe Excellent condition.,
"Household Services, Doha",Glass and Aluminum working call me 55122615,55122615
"Household Services, Doha",looking for indian/nepali cook in west bay veg foo,
"Household Services, Doha",FRIDGE / WASHING MACHINE REPEAR. 31351653.,31351653
"Household Services, New Al Rayyan / Al Wajba",Outdoor Heaters /pyramid heater,
"Household Services, Najma",HOUSEHOLD ALL MAINTENANCE WORKER AVAILABLE 66858845,66858845
"Household Services, Al Hilal",low cost qatar doha house maintenance work We will give you a very affordable lower price ,
"Household Services, Al Mansoura / Fereej Bin Dirham","moving and transfort service. call and whatsapp,55770720.",55770720
"Household Services, Al Qassar",House maid service and cooking service for family only ,
"Household Services, Doha","Cleaning carpets, sofas, and curtains",
"Household Services, Al Aziziya",house maintenance ,
"Household Services, Fereej Bin Mahmoud","ONION, POTATO, VEG INDIA AVAILABLE",
"Household Services, Muither","carpat,cotan,sofa,wallpaper fixing sall 66643513",66643513
"Household Services, New Al Rayyan / Al Wajba",SECRETRY FOR MANPOWER AGENCY IN ALRAYYAN PHILIPINOS ONLY,
"Household Services, Wakrah",Family accomodation,
"Household Services, Wakrah",housemaid required for an indian family ,
"Household Services, Al Hilal","AC, Fridge Washing Machine Repair",
"Household Services, Al Dafna","Sofaset, Curtains, Carpet, Wallpaper",
"Household Services, Doha","Sofaset,Curtains,Carpet,Wallpaper 50653062",50653062
"Household Services, Doha","A/C REPAIR, MAINTENANCE, SERVICING, INSTALLATION",
"Household Services, Al Maamoura",baby sitting,
"Household Services, Doha",Home AC General/ Regular Maintenance Service!!!,
"Household Services, Old Airport",A/C & KITCHEN EQUIPMENT SERVICES ,
"Household Services, Al Maamoura",AC INSTALLATLON SERVIICING,
"Household Services, Umm Salal Ali","AC Services
",
"Household Services, Doha",Glass repairing work services ,
"Household Services, Doha",electrician plumbing maintenance service work call,
"Household Services, Doha",AC Fridge repair home services 33647458,33647458
"Household Services, Najma",PLUMBER ELECTRICIAN ALL MAINTENANCE WORK 66858845,66858845
"Household Services, Doha",DAY CARE service after school at HILAL,
"Household Services, Old Airport",Looking for Part time Housemaid in Al Matar Al Qadeem,
"Household Services, Doha",Waterproofing ,
"Household Services, Doha",fixing ac??s,
"Household Services, Doha",Babysitting ,
"Household Services, Al Khor","AC maintenance, electrical and plumbing in alkhor",
"Household Services, Industrial Area",Alfarah ac maintenance co WLL23YEARS Experience,
"Household Services, Al Mansoura / Fereej Bin Dirham",House cleaning service ,
"Household Services, Doha",DAY CARE service after school available at HILAL,
"Household Services, Doha",looking for a lady to Cook & Clean,
"Household Services, Doha","Technician Available, 66030512",66030512
"Household Services, Najma",Looking for a Cook (Part Time),
"Household Services, Al Luqta / Old Al Rayyan",home related sevices,
"Household Services, New Salata / Al Asiri",Tamil Female looking for Baby sitting job,
"Household Services, Abu Hamour",Looking for HOUSE MAID,
"Household Services, Doha","AC Maintenance Services,Sales,Installations",
"Household Services, Ain Khaled",ALUMINIUM SCAFOLDING 6 MTR STANDING HEIGHT WITH 2 PLATFORM FOR RENT CALL 66950211,66950211
"Household Services, Wakrah",Nursery class available age 2_4.,
"Household Services, Doha",electrician available here ,
"Household Services, Ain Khaled",electric & plumbing work,
"Household Services, Al Khor",Maintenance Service,
"Household Services, Ain Khaled",MAID REQUIRED,
"Household Services, Doha",MARBLE POLISH AND CLEANING SERVICE ,
"Household Services, Doha",Marseille contracting and decoration,
"Household Services, Al Mansoura / Fereej Bin Dirham",wooden and aluminum fabrication works,
"Household Services, Al Aziziya",BUILDING MAINTENANCE & BUILDING MATERIALS,
"Household Services, Al Mansoura / Fereej Bin Dirham",Hello all Greeting from us:--,
"Household Services, Doha",AL AHLIA FOR PUBLIC SERVICES & RELATIONS.,
"Household Services, Al Maamoura","All type villa.Building.maintanance. AC, Electrrical & Plumbing. 666506 84 30307865 fax 97",30307865
"Household Services, Al Hilal",Baby CARE/ SITTING,
"Household Services, Doha","Ac repairing maintenance,split and window",
"Household Services, Doha","best carpenter, painting and maintenance service",
"Household Services, Doha",IT/ELECTRICAL WORK ALL OVER QATAR,
"Household Services, Doha",Homemade Indian Tiffin service ,
"Household Services, Al Maamoura",ELECTRONICS & ELECTRICALS MACHINE SERVISES,
"Household Services, Doha",Any kind of works and repair. Cell: 70987855,70987855
"Household Services, Doha",Home Made Indian Food Services (Tiffin Service),
"Household Services, Najma",Maintsinence works,
"Household Services, Al Dafna",FRIDGE=AC=WASH MACHINE REPAIRING IN DOHA QATAR.55696073,55696073
"Household Services, Doha",Kia picanto rent 1000 per m,
"Household Services, Madinat Khalifa South",Pree school & KG training@ MADEENA KHALIFA(S),
"Household Services, Doha",INTERIOR DESIGN & DECOR,
"Household Services, Wakrah",Housemaid for Partime for Indian Family,
"Household Services, Al Markhiya",Looking for an experienced cook,
"Household Services, Wakrah",Villa and commercial interior painting works,
"Household Services, Al Aziziya",GENERAL CLEANING & DEEP CLEANING SERVICE call 30582001,30582001
"Household Services, Madinat Khalifa North / Dahl Al Hamam", AC Repair Service / Installation / Sales,
"Household Services, Al Mansoura / Fereej Bin Dirham",for baby sitting,
"Household Services, Najma","Maintenance work-Gypsum work,Plumbing,Electrical work,Glass & Metal work, CCTV work",
"Household Services, Doha",PLUMBING MAINTENANCE WORKS.w.+974 55722652,55722652
"Household Services, Doha",civil and electrical maintenance,
"Household Services, Doha","looking for a baby sitter, call or msg 5527 4315",
"Household Services, Doha",Gas silander urgent sale Qtr 299,
"Household Services, Umm Salal Ali","Fabrication and Installation of compound gate,car shed,& Fixed Roof Access Ladders",
"Household Services, Old Airport",Babysitter needed,
"Household Services, Abu Hamour","house old item Shifting moving, 30328147",30328147
"Household Services, Doha",Indian Male Home Cleaner Service Available,
"Household Services, Doha","electroplating services Likes Gold,Chrome,Nickel,Brass,Silver plating",
"Household Services, Umm Ghwailina",Part-time Indian maid babymothercare required,
"Household Services, Doha",urgent hiring ,
"Household Services, Doha",Qatar Oasis Balanced Drinking Water Offers,
"Household Services, Doha",House maid wanted urgent Tamilnadu ,
"Household Services, Muither",A.C SERVICE & MAINTINANCE ,
"Household Services, Doha",Day care Abu hamour,
"Household Services, Doha",Reliable packersmovers doha.77160307,77160307
"Household Services, Doha",Villa's maintenance job Etc.,
"Household Services, Mushaireb",cleaning and coocking,
"Household Services, Doha",Villa's maintenance works/All kinds of Fencing- Partition jobs/ & cleaning services Etc.,
"Household Services, Doha",nanny,
"Household Services, Doha",Villa's maintenance works & cleaning services Etc.,
"Household Services, Madinat Khalifa South",looking for baby sitting place in madina khalifa south,
"Household Services, Al-Sailiya",Shade Pioneers for shades and canopies ,
"Household Services, Doha",Al Hazm Manpower Available Filipino Housemaids,
"Household Services, Fereej Bin Mahmoud",Painter / Plumber,
"Household Services, Doha","House/Villa , building, Plumbing, AC, Electrical, Civil, & Painting.",
"Household Services, Doha", AC & ELECTRICAL MAINTENANCE,
"Household Services, Old Airport",1 three seater and 4 singlseater and 1 coffee table for urgent sale . for 100 qr only ,
"Household Services, Doha",painting and gypsum board work,
"Household Services, Al Dafna","Satellite Dish tv,Internet ,Cctv,WiFi,Video door phone system installation",
"Household Services, Al Dafna",we do all type of degining painting and decor ,
"Household Services, Doha",CLEANING SERVICES,
"Household Services, Doha","indian partime cooking
",
"Household Services, Al Doha Al Jadeeda",Moving Shifting Carpenter & Pickup Services ,
"Household Services, Doha", Low cost plumbing 'electrical house maintenance service in doha qatar all over 24hr,
"Household Services, Wakrah",specialist in sofa shampooing and carpet cleaning call 77386680,77386680
"Household Services, Doha",AC / FRIDGE/ WASHING MACHINE/REPEAR. 31351653.,31351653
"Household Services, Doha",sofa curtain.,
"Household Services, Doha",cleaning,
"Household Services, Doha",Alhayat Nursing Services,
"Household Services, Al Nasr",Filipina Housemaid Supplier,
"Household Services, Madinat Khalifa North / Dahl Al Hamam",FAMILY ACCOMMODATION AVAILABLE AT MADINA KHALIFA NORTH,
"Household Services, Mushaireb",home tuitions,
"Household Services, Madinat Khalifa North / Dahl Al Hamam",House maid Nanny ,
"Household Services, Muither",housemaid part time monthly,
"Household Services, Muither",curtains wallpaper sofa set paints...,
"Household Services, Doha",CURTAIN SERVICES AND WINDOW FILM ,
"Household Services, Al Sadd","House/Villa, Plumbing, AC, Electrical, Civil, & Painting & EXCLUSIVE RO SYSTEM ",
"Household Services, Al Gharrafa",Grate opportunity for House renovators,
"Household Services, Al Dafna",Need Baby Sitter For Indian Family,
"Household Services, Doha",PAINTING & GYPSUM PARTITION,
"Household Services, Doha",Painting & Gypsum work,
"Household Services, Al Mansoura / Fereej Bin Dirham",Fresh home made customized cakes with frosting ,
"Household Services, Doha",Home services ,
"Household Services, Al Wukair",House Maid / Cook required,
"Household Services, Wakrah",Home Appliances Service and Repair,
"Household Services, Doha",Ac services and selling ,
"Household Services, Doha",plumbing electrical and Ac maintenance ,
"Household Services, Doha",PAINTING &GYPSUM PARTITION ,
"Household Services, Wakrah",Baby Sitting ,
"Household Services, Al Hilal",Kent Perk Water Filter ,
"Household Services, Al Dafna",ALL TYPE OF MAINTENANCE SERVICE 66858845,66858845
"Household Services, Al Sadd",REVERSE OSMOSIS (RO) DRINKING WATER,
"Household Services, Doha",Home & Office moving shifting...call-55447107.,55447107
"Household Services, Doha",panting gypsum partition window cotton wallpaper faxing and ac services call 77012171,77012171
"Household Services, Doha","pestcontrol mo,33435769",33435769
"Household Services, Doha",Household works,
"Household Services, New Salata / Al Asiri",House hold item FOR Saile,
"Household Services, Najma",Labour service,
"Household Services, Doha",box for sale ,
"Household Services, Old Airport",Bed ,
"Household Services, Al Waab / Al Aziziya / New Al Ghanim",Repair House hold things,
"Household Services, Fereej Bin Mahmoud",HOUE FOR MAINTENANCE Of ALL TYPES OF SPLIT AND WIN,
"Household Services, Al Maamoura",Household items1,
"Household Services, Al Luqta / Old Al Rayyan","Maintenance, Carpentry, Painting, Networking, Hospitality, Trading etc",
"Household Services, Al Gharrafa",2 BHK FOR RENT,
"Household Services, Doha",movers,
"Household Services, Doha",Personal Training at home/Compound gym.,
"Household Services, Abu Hamour",AVAILABLE FILIPINA PART TIME MAID/NANNY/CLEANER. MINIMUM 5HRS FOR 100QR ONLY!!,
"Household Services, Doha",tents concerts kushah,
"Household Services, Najma",Professional Painting Services in Qatar Asian Paints Ltd,
"Household Services, Doha",cctv service& dish installation,
"Household Services, Al Wukair",Live In House Maid,
"Household Services, Al Aziziya",maid and cleaning services,
"Household Services, Doha",QATAR VISA ALL LEGAL WORKS,
"Household Services, Abu Hamour",marble grinding &polishing pest price,
"Household Services, Doha",AC Maintenance,
"Household Services, Doha",ALL PAINTING AND POLISHING WORKS Contact..,
"Household Services, Doha",house maid philipino required ,
"Household Services, Doha",Nanny required Immediately ,
"Household Services, Al Nasr","AC Service, Repair and Maintenance ,.,66212911",66212911
"Household Services, Fereej Bin Omran",Looking for Maid/cook,
"Household Services, Ain Khaled","Split & Window Air Conditioner Repair, Service and Maintenance...66212911",66212911
"Household Services, Other",Curtain cleaning/washing and refiting,
"Household Services, Al Hilal",Experienced Marble Work.,
"Household Services, Umm Ghwailina",Any Type of Air Condition Servicing and Repairing,
"Household Services, Doha","All kinds of partition, painting and plumbing work. Good service good work. With guarantee",
"Household Services, Ain Khaled",Gypsum ceiling Works,
"Household Services, Doha",Glass works,
"Household Services, Doha",PAINTING & GYPSUM PARTITION,
"Household Services, Doha",ADVANCE PLUS TRADING AND CONTRACTING,
"Household Services, Al Luqta / Old Al Rayyan",ADVANCE PLUS TRADING AND CONTRACTING,
"Household Services, Al Khor",BABYSITTING IN ALKHOR NEAR AL-HABARI BACK SIDE,
"Household Services, Doha",Indian cook for Part time available,
"Household Services, Barwa City",urgent full time maid needed for 10 days,
"Household Services, Wakrah","Aluminium, Glass,Mirror,Curtain wall,Kitchen Cabinet ",
"Household Services, Doha",Cheap rate ?? 55464542?C Cleaner Available,55464542
"Household Services, Doha",a.c. fridge washing machine service reaper ,
"Household Services, Najma",I do all kinds of plumbing work call 66073122,66073122
"Household Services, Al Hilal",ELECTRICIAN PLUMBER PAINTER AND MAINTENANCE SERVICE 31343503,31343503
"Household Services, New Al Rayyan / Al Wajba","Maintenance, Carpentry, Painting, Networking, Interior designing, Trading, Hospitality",
"Household Services, Doha",We do Handy Man Services ,
"Household Services, Al Khor",Shops & Homes maintenance service ,
"Household Services, Doha",MAINTENANCE SERVICES,
"Household Services, New Salata / Al Asiri",Well Experienced Restaurant Server / BBQ Supervisor,
"Household Services, Al Khor","ac service and repair in Alkhor, Simaisma ",
"Household Services, Doha",Electrician available here ,
"Household Services, Doha","Electric & plumbing work
whatsapp 70367228",70367228
"Household Services, Doha",Looking for Housemaid,
"Household Services, Doha",Home services ,
"Household Services, Doha",Tiles Fixing and Maintenance Services,
"Household Services, Fereej Bin Mahmoud",AVAILABLE ROOM FOR RENT BIG AND SOLID CONCRETE ROOM FOR FILIPINO - IN BIN MAHMOUD AREA,
"Household Services, Al Maamoura",HOME DAY CARE/ BABY SITTING ABUHAMOUR NEAR BALADIYA SUPERMAKET,
"Household Services, Abu Hamour","Air Conditioner Service, Repair and Maintenance... 66212911",66212911
"Household Services, Al Nasr",Horses Group ,
"Household Services, Al Aziziya",HORSES GROUP ,
"Household Services, Old Airport","Tuition Available Maths, Statistics, Economics ",
"Household Services, Doha", 1 bhk,
"Household Services, Doha",Washing Machine Rapir,
"Household Services, Doha",Electrical/ plumbing/ painting/ gypsum work,
"Household Services, Doha",1 Bhk,
"Household Services, Doha",Water Filter - 3 Filter change,
"Household Services, Doha",AC fridge washing machine repair 50071704,50071704
"Household Services, New Salata / Al Asiri",DOOR TO DOOR SERVICE FOR PERSONAL EFFECTS. ,
"Household Services, Fereej Bin Mahmoud",Smart Satellite tv.computeretwork.Camera.doorphone,
"Household Services, Doha",bike and car driver wanted urgently ,
"Household Services, Mushaireb",Kitchen & home appliances repair service,
"Household Services, Doha",House maid available salary 900 to transfer visa,
"Household Services, Doha",We buying household items 77012171,77012171
"Household Services, Barwa City",House maid,
"Household Services, Doha", waterproof work 77012171,77012171
"Household Services, Doha",Avalable Application,
"Household Services, Doha",housemaid,
"Household Services, Al Muntazah",Cleaning & Babysitting services,
"Household Services, Al Muntazah",Part Time Cleaners & Babysitters,
"Household Services, Doha",Horses Group Cleaning and Hospitality ,
"Household Services, Doha",H&Z Services,
"Household Services, Wakrah",Bed Space At Al Wakra Baladiya,
"Household Services, Doha",Required nepali /indian/srilankan for indian famil,
"Household Services, Fereej Bin Mahmoud",Maid - Urgent,
"Household Services, Old Airport",Part-time maid required in old airport,
"Household Services, Doha",electronic i do better work,
"Household Services, Al Muntazah",HOUSEMAID MANPOWER SUPPLY,
"Household Services, Doha","are you looking for AC Maintenance,Service",
"Household Services, Najma",Home Service,
"Household Services, Al Maamoura","ELECTRICAL ,A/C , PLUMBING , PAINTING ",
"Household Services, Doha",hose maitenence service good,
"Household Services, Old Al Ghanim",split/window AC. Fridge maintenance,
"Household Services, Najma",Ac work,
"Household Services, Doha",A/C Services and installation,
"Household Services, Doha",A.C. and WASHING MACHINE service and repair ,
"Household Services, Wakrah",Cleaning Workers Male / Female Available for Hours /Weekly / Monthly bases ,
"Household Services, Doha","OFFER FOR FRESH YAM 10QR/KG, GARRI AND POUNDOYAM IN FAMILY FOOD CENTER N",
"Household Services, Al Kheesa",Best live in/dog nanny...,
"Household Services, Doha",SAFA CLEANING SERVICES ,
"Household Services, Al Thumama","Building maintenance work ceramics, Gypsum, plumbing painting, tabak,plaster,interlok ",
"Household Services, Al Waab / Al Aziziya / New Al Ghanim","Building maintenance work ceramics, Gypsum, plumbing painting, tabak,plaster,interlok elec",
"Household Services, Doha","Building maintenance work ceramics, Gypsum, plumbing painting, tabak,plaster,interlok call",
"Household Services, Muither",House Maid / Cleaners / Cook,
"Household Services, Al Aziziya","FRIDGE, AC, WASHING MACHINE REPAIR
55696073",55696073
"Household Services, Doha",doha moving shifting ,
"Household Services, Old Salata",Indian baby sitter ,
"Household Services, Mushaireb","COOKING AND CLEANING
",
"Household Services, LUSAIL","FRIDGE,AC,WASHING MACHINE
REPAIR 55696073",55696073
"Household Services, Najma",istimara registration renewal service,
"Household Services, Barwa Village",house maid selling,
"Household Services, Najma",Building Maintenance,
"Household Services, Doha",Ac service professional 24 hrs,
"Household Services, Doha",CCTV Security & solution ,
"Household Services, Al Maamoura",Brand New Big size Airtel Dish Antenna with 50 m cable,
"Household Services, Madinat Khalifa South",BABY SITTING AVAILABLE,
"Household Services, Doha",OFFER OFFER OFFER!!! FOR AFRICANS ,
"Household Services, Muither",Manpower Supply,
"Household Services, Al Maamoura",Painting,
"Household Services, Madinat Khalifa South","AC & Home Appliances Repair \ Service (Home\Commercial) Any Where in Qatar call 77815224, ",77815224
"Household Services, Najma",need an indian or nepali female baby sitter,
"Household Services, Doha",ac fridge washing machine service repair ,
"Household Services, Abu Hamour",ALL SPLIT & WINDOW A/C MAINTANACE SERVICE.,
"Household Services, Al Muntazah",Ac & Refrigerator repair services----55157306,55157306
"Household Services, Doha",SAFA HOSPITALITY AND CLEANING SERVICES ,
"Household Services, Doha", Room painting,
"Household Services, Doha","full time, Live-in maid required",
"Household Services, Doha",ALL AC.SALL & SERVICE & REPEAR.31351653.,31351653
"Household Services, Doha",A C Fridge Washing Machine Repair _=30852396,30852396
"Household Services, Doha",Kenyan Female driver/made,
"Household Services, Doha",All Kind of A/C Service/Repair Call 30960039,30960039
"Household Services, Doha",A C FRIDGE WASHING MACHINE REPAIR::30852396,30852396
"Household Services, Doha",ac fridge washing machine service repair ,
"Household Services, Doha","Washing Machine Service., Repair Call 50378706",50378706
"Household Services, Najma",Elactic plamber maintenance work call me,
"Household Services, Doha","U Want Painter,Waterprof,Wallpaper,Fixing Tec",
"Household Services, Doha",Nurses* available,
"Household Services, Doha",General Nurses (c/o Faster Medical Care),
"Household Services, Doha",Home care services - We have available Nurses,
"Household Services, Doha",Washing machine rapir + Sale ,
"Household Services, Doha",Washing Machine Service ...Repair Call 50378706,50378706
"Household Services, Wakrah",House maid,
"Household Services, Doha",specialist in sofa shampooing,
"Household Services, Doha",Part time maid need for today 14-Nov-18,
"Household Services, Al Hilal",WASHING MACHINE REPAIR- CONTACT ME ..50378706,50378706
"Household Services, Doha",Washing Machine Service ...Repair Call .50378706,50378706
"Household Services, Al Hilal",Electrical/Plumbing & Gypsum Board Partition Works @ Best Rate,
"Household Services, Al Muntazah", painting work,
"Household Services, Fereej Bin Mahmoud",Part Time Maid,
"Household Services, Madinat Khalifa South",Part time house maid,
"Household Services, Fereej Kulaib",South indian meals on daily or monthly basis,
"Household Services, Doha",A/C FRIDGE WASHING MACHINE SERVICE. 50107645,50107645
"Household Services, Doha","A/C ,FRIDGE ,WASHING MACHINE REPAIR.Call 50378706",50378706
"Household Services, Abu Hamour",A/C free Checking,
"Household Services, Fereej Bin Mahmoud",one house maid for kerala family full time basis ,
"Household Services, Doha","I do waterproofing work. Any location,y our need, just call me 70082492",70082492
"Household Services, Al Mansoura / Fereej Bin Dirham",Part time cook,
"Household Services, Doha",plumbing i do work better ,
"Household Services, Doha",A.C. FRIDGE AND WASHING MACHINE SERVICE ,
"Household Services, Al Gharrafa","Experienced Babysitters, Housemaids Available ",
"Household Services, Al Hilal",Maintenance work,
"Household Services, Doha",AHA - CARPENTRY,
"Household Services, Ain Khaled",i do electric & plumbing work & other maintence/,
"Household Services, Al Maamoura",Aircondition Maintanance and installation,
"Household Services, Wakrah",Part-time Cook Wanted in Wakra,
"Household Services, Doha",BABY SITTING AVAILABLE AT MUGHLINA NEAR TO SANA SIGNAL,
"Household Services, Al Maamoura",Aircondition Maintanance ( A/C),
"Household Services, Al Aziziya",Shared family Accommodation AL AZIZIYA,
"Household Services, Doha","A/C ,FRIDGE, WASHING MACHINE REPAIR Call 50378706",50378706
"Household Services, Umsalal Mohammed",SHINY HOUSE CLEANING AND HOSPITALITY SERVICES ,
"Household Services, Doha",Garden Maintenance ,
"Household Services, Abu Hamour",Looking for a Indian house-Maid,
"Household Services, Doha","Pure Homemade Food Quality thali , Punjabi And Guja",
"Household Services, Doha",LG TV,
"Household Services, Doha",room bed space available munthaza,
"Household Services, Barwa City",URGENT MAID WANTED!,
"Household Services, Fereej Bin Omran","AC & Home Appliances AMC, Repair, Service(Home or Commercial) Any Where in Qatar call 778",
"Household Services, Doha",part time house maid required ,
"Household Services, Doha",A/C Service Repair Fixing Installation ,
"Household Services, Doha","AIR CONDITIONER REPAIR, SERVICE AND MAINTENANCE,.,",
"Household Services, Al Hilal",AC Fridge Washing machine repair ,
"Household Services, New Salata / Al Asiri","After delivery massage ,baby massage, bath 30024891 ",30024891
"Household Services, Doha",Srilanka Housemaid - wanted ,
"Household Services, Al Hilal",AC=Fridge= Washing machine repair,
"Household Services, Umsalal Mohammed",Shiny house cleaning and hospitality services,
"Household Services, Umsalal Mohammed",shiny house cleaning company,
"Household Services, Doha",Good electrician available ,
"Household Services, Doha","Lightings, Plumbing and electrical works",
"Household Services, Al Sadd",PLUMBER HOME SERVICE ANY ISSUE PLease call me.33580574,33580574
"Household Services, Dukhan",A/C.Fitting.available,
"Household Services, Al Maamoura",HOME DAYCARE BABY SITTING AT ABUHAMOUR/MAMMURA,
"Household Services, Fereej Bin Mahmoud",Part time House hold Service,
"Household Services, New Salata / Al Asiri",3 room partition with separate entrance.,
"Household Services, Doha",Child Day Care,
"Household Services, Doha",Kitchen Hood / Kitchen Exhaust,
"Household Services, Doha",Pick up and drop off Available from Mansura,
"Household Services, Doha",A/c services,
"Household Services, Najma",maintains,
"Household Services, New Salata / Al Asiri",AC MAINTENANCE & REPAIR AND SERVICE ANYTIME ,
"Household Services, Doha","Aquarium,A/C,Freeze services",
"Household Services, Doha",House hold items for urgent sale,
"Household Services, Al Sadd",Part time Maid,
"Household Services, Doha",doha moving shifting,
"Household Services, Umm Salal Ali",Electric Cooker & Electric Appliances Repair,
"Household Services, Doha",doha moving shifting ,
"Household Services, Doha",MOVING SERVICE / WINDOW SITARA & WALLPAPER INSTALLATION,
"Household Services, Al Maamoura","Air Condition repair,maintenance & Installation ",
"Household Services, Al Aziziya",A/C SERVECING,
"Household Services, Doha",All kind of House hold work ,
"Household Services, Doha",a.c. fridge washing machine service reaper ,
"Household Services, Al Khor",PLUMBER HOME SERVICE ANY PLUMBING ISSUE PLEASE CALL ME.33580574 ,33580574
"Household Services, Doha","Electrical wiring, equipment maintenance ",
"Household Services, Doha",Ss stainless steel raling,
"Household Services, Doha",Available to babysit children within the Al Waab. ,
"Household Services, Al Luqta / Old Al Rayyan",Scrubs Cleaning Services,
"Household Services, Doha",engineering ,
"Household Services, Mesaeidd",Nanny / House Maid,
"Household Services, Doha","A/C, Washing Maching, Fridge Repair, Service, ",
"Household Services, Other",painting and gypsum work,
"Household Services, Fereej Abdel Aziz",HOUSE MAID REQUIRED,
"Household Services, Al Aziziya",AC maintenance and service,
"Household Services, Wakrah",electricity ,
"Household Services, Doha",PLUMBER HOME SERVCIE ANY PLUMBING ISSUES PLEASE CALL ME .33580574 .,33580574
"Household Services, Fereej Kulaib",Babysitting and Daycare ,
"Household Services, Al Dafna","1 BHK, 2 BHK, ROOMS",
"Household Services, Doha",Doha Qatar low price electrical plumbing work in all over qatar 24hr,
"Household Services, Al Muntazah",Water Leak Detection Repairing Services in QATAR-CALL 314 93 410,
"Household Services, Doha","Wall paper, paints, carpet, curtain, maintainance",
"Household Services, Wakrah",Housemaid ,
"Household Services, Doha",just service -all kind of maintenances ,
"Household Services, Wakrah",Wanted cook immediately ,
"Household Services, Doha",Ss stainless,
"Household Services, Mushaireb",Need finishing carpenter,
"Household Services, Mushaireb",Need finishing carpenter,
"Household Services, Al Sadd",vacuum cleaner ,
"Household Services, Nuaija",2 bedroom bathroom kitchen,
"Household Services, Old Airport",AC service & maintenance Srilankan Technician ,
"Household Services, Old Airport",AC Maintenance 0,
"Household Services, Doha",pest control $ cleaning. mo. 33435769,33435769
"Household Services, Abu Hamour",Any kinds of painting works,
"Household Services, Doha",Room painting,
"Household Services, Umm Ghwailina",leakage waterproof epoxy works ,
"Household Services, The Pearl Qatar",Baby sitter or nanny,
"Household Services, Doha",MESS:South Indian home made food @ hilal-monthly ,
"Household Services, Al Muntazah",Cleaning Services,
"Household Services, Al Khor",FISH AQUARIUM SERVICES (AlKhor) Phone - 50027174,50027174
"Household Services, The Pearl Qatar",ELECTRICAL MAINTENANCE,
"Household Services, Al Hilal",Available Babysitter,
"Household Services, Doha",maid wanted,
"Household Services, Wakrah",Plumbing Work,
"Household Services, Wakrah",Painting Work,
"Household Services, Wakrah",Civil & Gypsum Partition work ,
"Household Services, Doha",TUITION / TEACHING,
"Household Services, Doha",Female Cleaners/Maids Available- 6TH ANNIVERSARY OFFER!!!,
"Household Services, Doha",qatar movers ,
"Household Services, Doha",Business Visa available for male and female ,
"Household Services, Madinat Khalifa South",INDIAN DRIVER,
"Household Services, Madinat Khalifa South",INDIAN DRIVER CV,
"Household Services, Doha",I do electric & plumbing work please call 50592383,50592383
"Household Services, Doha",all types of nrv .valves. flange ,
"Household Services, Abu Hamour",I do all electric @plumbing work70367228 ,70367228
"Household Services, Doha",WE HELP.... ANY SERVICE PLEASE CONTACT 70472737,70472737
"Household Services, Doha",mechanical coupling..Arunviswanath1989@gmail.com ,
"Household Services, Doha",Indian maid available for part time work,
"Household Services, Doha",grease trap @400qr .Arunviswanath1989@gmail.com,
"Household Services, Madinat Khalifa South",ac services,
"Household Services, Al Khor","House Decoration and Gybsum Design,Painting,Tiles works",
"Household Services, Madinat Khalifa North / Dahl Al Hamam",Nurses Home Care2,
"Household Services, Mushaireb",south indian cook available ,
"Household Services, Abu Hamour",Full Time / part time Maid service ,
"Household Services, Doha",GYPSUM BOARD WORKING,
"Household Services, Fereej Bin Mahmoud",maid Required ,
"Household Services, Al Sadd","COMPASS CONTRACTING:AC,ELECTRICAL & PLUMBING",
"Household Services, Doha",COMPASS CONTRACTING,
"Household Services, Doha",PHILIPINO & NEPALI HOUSE MAID FOR YOUR SERVICE ,
"Household Services, Old Airport",Looking for live out Nanny (OLD AIRPORT AREA),
"Household Services, Doha","carpentry works
77144118",77144118
"Household Services, Muither",HIRING FOR HOUSEMAID,
"Household Services, Al Thumama",We do all Electric & Plumbing works,
"Household Services, Doha",House Maid (Available for 1 month),
"Household Services, Doha",Business Visa available for male and female ,
"Household Services, Ain Khaled",AC maintenance and AMC,
"Household Services, Doha",Housemade required urgently ,
"Household Services, Madinat Khalifa South",BANGLADESH EXPERIENCE CV,
"Household Services, New Al Rayyan / Al Wajba",Scrubs Cleaning Services,
"Household Services, Doha",baby sitting,
"Household Services, Doha",air conditioner sell & service,
"Household Services, Doha",House Maid Needed ,
"Household Services, Al Doha Al Jadeeda",Airconditioning Maintaince and installation ,
"Household Services, Doha","Wallpaper,curtains(blind),carpet,sofa cloth chang",
"Household Services, Muither",Nurses Home Care,
"Household Services, Mushaireb",Cook - Indian ,
"Household Services, Doha",*Relocation Services*,
"Household Services, Al Gharrafa",Housemaid needed full-time. Visa available. ,
"Household Services, Wakrah",we need maid in ezdan oasid,
"Household Services, Fereej Bin Mahmoud",part time house cleaning boy for bin mahmoud area,
"Household Services, Muither",HOUSEMAID-3,
"Household Services, Al Sadd",Part Time Cook,
"Household Services, Al Aziziya",French Teacher 50845575,50845575
"Household Services, Doha",Flour Mill in Qatar ,
"Household Services, Old Airport",On Call Baby sitter,
"Household Services, Wakrah",Helper,
"Household Services, Doha",Building Maintenance and General Cleaning ,
"Household Services, Al Hilal",MALAYALEE LADY FOR DELIVERY CARE ,
"Household Services, Al-Sailiya","Aluminium,Steel and Upvc works",
"Household Services, Doha",cleaners Philipines ,
"Household Services, Al Thumama", Part time Maid required for Indian family,
"Household Services, Doha",Pest Control Services From 150Qar Onwardss,
"Household Services, Al Hilal",LADY-COOK[MALAYALI],
"Household Services, Doha",need staffs waitress and cleaners,
"Household Services, Doha",Part Time Cook Needed,
"Household Services, Ain Khaled",HPY - Anti Stop Barking Dog Training Collar Electronic Shock Bark Control US,
"Household Services, Doha",AC Service & Maintenance ,
"Household Services, Muither",OFFICE ROOMS AVAILABLE WITH TRADE LICENCE,
"Household Services, Al Maamoura",AC SALE & MAINTENANCE WORK PLEASE CALL=50961460,50961460
"Household Services, Muither",HOUSEMAID-2,
"Household Services, New Salata / Al Asiri",BABY CARE IN NEW SALATA,
"Household Services, Al Aziziya",French language ,
"Household Services, Madinat Khalifa South",DAY CARE,
"Household Services, Fereej Bin Mahmoud",Baby sitting- bin mahmoud,
"Household Services, Muither",HOUSEMAID,
"Household Services, Al Muntazah",MAGIC HAND FOR YOUR SERVICE (A/C & ALL HOUSE MAINTENANCE),
"Household Services, Doha",Cleaner- male or female,
"Household Services, Doha",baby sitter required @Al Thumama ,
"Household Services, Al Sadd",BABY CARE& DAY CARE & AFTER SCHOOL CARING SERVICE + TUITION AT HOME @ OLD RAYYAN,
"Household Services, Ain Khaled",AC Repair (Cont. NO. 33573116),33573116
"Household Services, Doha",Air Condition service Srilankan Technician ,
"Household Services, Doha",LAUNDRY WASHING AND IRON PRESSING,
"Household Services, Doha",House Cleaning + AC cleaning + Pest Control,
"Household Services, Doha",Washing machine repair,
"Household Services, Umm Ghwailina",Need Indian Keralite cook for home urgently,
"Household Services, Doha",a.c. fridge washing machine service reaper ,
"Household Services, Doha",dish fitting in Doha,
"Household Services, Doha",cylinder ,
"Household Services, Doha",part time cook/maid needed,
"Household Services, Doha",washing machine service and repair ,
"Household Services, New Al Rayyan / Al Wajba",Electrical Installation / Maintenance & Computer Repair,
"Household Services, Al Aziziya",MAINTENANCE WORKS,
"Household Services, Doha",looking for mess,
"Household Services, Al Hilal",Babysitting available ,
"Household Services, Doha",wanted electrician and plumber ,
"Household Services, Al Dafna","Building Maintenance
",
"Household Services, Old Airport",Vegetarian Tiffin services,
"Household Services, Al Mansoura / Fereej Bin Dirham",Baby sitting,
"Household Services, Al Mansoura / Fereej Bin Dirham","PLEASE CALL ONLY 33542148, AC REPAIR REASONABLE PRICE /ELECTRICAL SERVICE",33542148
"Household Services, Old Airport",1BHK spacious accommodation available in Old Airport area,
"Household Services, Doha",Indian Cook Available,
"Household Services, Old Airport",Home Tuition Maths and English,
"Household Services, Doha",cleaner or baby lady in matar old airport,
"Household Services, Doha",electrical plumbing painting villa flat office shope maintenance painter plumber electrici,
"Household Services, Doha",bed,
"Household Services, Al Waab / Al Aziziya / New Al Ghanim","Need a part time south Indian cook in Al-Soudan, Alwaab",
"Household Services, Doha",cabinet,
"Household Services, Ain Khaled",Good Price,
"Household Services, Wakrah",keralite house maid looking for job with own visa,
"Household Services, Al Maamoura",Baby sitter,
"Household Services, Doha",A/C Services and Maintenance plz call us,
"Household Services, Al Sadd",SriLankan House Maid available in Qatar.,
"Household Services, Doha",recruitment,
"Household Services, Doha",we need girl ,
"Household Services, Old Salata",Fridge freezer Refrigerator Repair,
"Household Services, Doha",Hyderabadi Food ,
"Household Services, Industrial Area","electrical, sanitary and dish",
"Household Services, Doha","Maintenance Electrical,Plumbing, Air Conditoner, Aluminum, Glass,Interior,Partiotion works",
"Household Services, Al Hilal",FRIDGE WASHING MACHINE REPAIR call 66783998*,66783998
"Household Services, Abu Hamour",AC service available at any time ,
"Household Services, Wakrah",Babysitter available,
"Household Services, Doha",plumber ,
"Household Services, Al Thumama",Keralite Part Time Cook/Babysitter,
"Household Services, Doha","maid available
",
"Household Services, Doha",Outdoor Family Sun shades ,
"Household Services, Doha",Mess,
"Household Services, Al Kheesa",Full time live in maid required,
"Household Services, Doha",Glading Board Working,
"Household Services, Al Doha Al Jadeeda",Full bedroom set ready to delivery 77505089,77505089
"Household Services, Doha",Glading Board Working,
"Household Services, Doha",Glading Board Working,
"Household Services, Al Muntazah",Air conditioning maintenance and services. ,
"Household Services, Al Muntazah",facilities house ,
"Household Services, Doha",Turkish marble ,
"Household Services, Najma",Daal Baati/ Pav Bhaji Specialist and Pure Veg Food Tiffin Services,
"Household Services, Fereej Kulaib",Chilling Cold Cocoa (Home made),
"Household Services, Abu Hamour",Frozen Fish and Fresh Fish Supply,
"Household Services, Doha",SPLIT AC INSTILLATION AND SERVICE ,
"Household Services, Doha",AC Installation Maintenance,
"Household Services, Doha",samsong washing machine not working ,
"Household Services, Doha","BLINDS - RETAIL, WHOLESALE AND INSTALLATION",
"Household Services, Doha",Professional Home Maintanance service,
"Household Services, Muither","We are all AC repair and maintenance work.",
"Household Services, Doha",led lights with free delivery,
"Household Services, Al-Sailiya",BBQ Sheds with Portable BBQ grills,
"Household Services, Doha",REFRIGERATOR AND WASHING MACHINE,
"Household Services, Al-Sailiya",All kind of steel and aluminum fabrication work,
"Household Services, Al Hilal","WASHING MACHINE FRIDGE REPAIRW, MAINTENANCE CALL 66783998)",66783998
"Household Services, Madinat Khalifa South","Repair- Gas stove,Mixer",
"Household Services, The Pearl Qatar",Maid for a French Family in The Pearl,
"Household Services, Najma",WASHING MACHINE FRIDGE 'REPAIR :MAINTENANCE CALL 66783998.,66783998
"Household Services, Doha",washing machine service and repair ,
"Household Services, Doha",babysitter ,
"Household Services, Doha",Maintenance work ,
"Household Services, Doha",House maid required,
"Household Services, Al Waab / Al Aziziya / New Al Ghanim",Gypsum Board Work in Ceiling & Wall Partition 70245680,70245680
"Household Services, Muither",house tuition available,
"Household Services, Doha",PROFESSIONAL AC MAINTENANCE TEAM ,
"Household Services, Doha",PROFESSIONAL AC MAINTENANCE TEAM ,
"Household Services, Doha",Require Vegetarian Cook (URGENT),
"Household Services, Al Muntazah",Looking for full time maid,
"Household Services, Old Airport",male body massage,
"Household Services, Aspire Zone",need nanny,
"Household Services, Doha",Moving Sale Midea Window AC,
"Household Services, Al Thumama","Plumbing , Electrical , Painting ,Gypsum and all type of maintenance works",
"Household Services, Doha",FRIDGE AC WASHING MACHINE REPAIR CALL ME 66483418,66483418
"Household Services, Doha",WANTED- Nanny/ maid for British family- 2 boys ,
"Household Services, Al Maamoura",All. Type of Window split. A/C repair. Service&instalation,
"Household Services, Doha",A/C Servicing &Maintanance,
"Household Services, Al Sadd",Maintenance Work,
"Household Services, Doha","a/c,electric,plumbing service sales",
"Household Services, Al Hilal",FRIDGE/A/C WASHING MACHINE REPAIR CALL ME 66483418,66483418
"Household Services, Al Muntazah",ELECTRICIAN/PLUMBERS/GYPSUM PARTITION/PAINTERS,
"Household Services, Doha",FRIDGE A.C WASHING MACHINE REPAIR CALL ME 66483418,66483418
"Household Services, Al Aziziya","CIVIL WORKS AND SURVEY WORKS
MOB=33482795/77992601",33482795
"Household Services, Doha","AIR CONDITIONER SERVICE,REPAIR AND MAINTENANCE,.,",
"Household Services, Doha","Electric & Plumbinrg, Gypsum bord,& Glasswork.Whatsapp: 55733701",55733701
"Household Services, Other",Kenyan Cook,
"Household Services, Al Gharrafa",EXO CLEANING & HOSPITALITY SERVICES,
"Household Services, Doha",All kinds of Painting,
"Household Services, Abu Hamour",AC MAINTENANCE INSTALLATION & ELECTRICAL SOLUTIONS ,
"Household Services, Muither",cleaning and hospitality,
"Household Services, Madinat Khalifa South",Nurse's for Nursery ,
"Household Services, Doha",DRIVER OR ELECTRICIAN,
"Household Services, Ain Khaled",ROOM ON RENT ,
"Household Services, Doha",New sattelite fitting old sattelite reparing 31036428,31036428
"Household Services, Abu Hamour",Decoration and Curtain Services within Qatar,
"Household Services, Doha",House maid,
"Household Services, Doha",pest / bed bugs control service 50306793,50306793
"Household Services, Doha",PLUMBER HOME SERVICE ANY PLUMBING ISSUE PLEASE CALL ME 33580574 .,33580574
"Household Services, Doha",All kind of Carpentary Please call 55130879,55130879
"Household Services, Doha",part time maid require,
"Household Services, Doha",Making house & office furteture,
"Household Services, Al Wukair",House Maid Require in Wakra ,
"Household Services, Al Gharrafa",FILIPINO HOUSEMAID,
"Household Services, Doha",moving,
"Household Services, Doha",Room for rent(bed space also available),
"Household Services, Muither",PART TIME CLEANERS,
"Household Services, Al Hilal",INTERIOR WORKS ,
"Household Services, Doha",Housemaid required,
"Household Services, Doha",available housekeeper/cleaner/baby sitter,
"Household Services, Mushaireb",Looking for Housemaid,
"Household Services, Al Muntazah",ac maintenance services ,
"Household Services, Doha",wallpapper fixing,
"Household Services, Al Sadd",Baby Sitting Available in New Salata and Al Sadd ,
"Household Services, Fereej Bin Mahmoud",scraps available,
"Household Services, Fereej Bin Mahmoud",scraps available,
"Household Services, Fereej Bin Mahmoud",scraps available,
"Household Services, Fereej Bin Mahmoud",scraps available,
"Household Services, Fereej Kulaib",looking for baby sitter/nanny,
"Household Services, Doha",AC...FRIDGE...WASHING MACHINE...Service ,
"Household Services, Fereej Bin Omran","ac repairing , serviceing , installation (split &window)",
"Household Services, Al Hilal",Part time cleaning service at your convenient time,
"Household Services, Al Hilal",FRIDGE WASHING MACHINE REPAIR callF.. 66783998*,66783998
"Household Services, Doha",Sri Lankan Maid,
"Household Services, Al Hilal","FRIDGE WASHING MACHINE REPAIR' MAINTENANCE, call 66783998",66783998
"Household Services, Doha",Electician technician & plumbing,
"Household Services, Fereej Bin Mahmoud", 3 seat Sofa for sale,
"Household Services, Al Hilal",FRIDGE WASHING MACHINE REPAIR call.. 66783998,66783998
"Household Services, Doha",we are buying iskarap A.C .. 30030902,30030902
"Household Services, Doha",AC Repairing service in doha,
"Household Services, Doha",House maid required,
"Household Services, Doha",A.C. FRIDGE AND WASHING MACHINE REPAIR ,
"Household Services, Doha",we are buying iskarap A.C ' 30030902,30030902
"Household Services, Doha",we are buying iskarap A.C 77957372,77957372
"Household Services, Doha","AVAILABLE FILIPINA MAID/NANNY/CLEANER FOR MONTHLY CONTRACT. LIVE OUT. 3,000QR ONLY!!",
"Household Services, Muither",Available Housemaid applications,
"Household Services, Doha",satellite dish,
"Household Services, Al Muntazah",PHILIPPINE HOUSEMAID,
"Household Services, New Salata / Al Asiri",Daycare & babysitting with cctv camara kids also,
"Household Services, Muither",BASQAT,
"Household Services, Al Sadd","Part Time Maid Available, Own Visa with Work Permit",
"Household Services, Al Waab / Al Aziziya / New Al Ghanim",House cleaning ,
"Household Services, Doha",Washing machine servicing and repair.,
"Household Services, Al Mansoura / Fereej Bin Dirham","We Do All kind of curtain, House, Office,
33365756",33365756
"Household Services, Al Hilal",AC INSTALLATION AND MAINTENANCE SERVICES,
"Household Services, Doha",A 28cm non stick cookware free from Qatar Oasis ,
"Household Services, Doha",REPAIR AND SELL A/C : CALL 33286450,33286450
"Household Services, Al Aziziya",AVAILABLE MAID / RETURNED MAID,
"Household Services, West Bay",Looking for part time Indian housemaid,
"Household Services, Al Muntazah", Air conditioning maintenance and technical services.,
"Household Services, Al Maamoura",ALL TYPES OF AC MAINTENANCE SERVICE 307 307 05,
"Household Services, Doha",FILIPINA BABYSITTER ,
"Household Services, Al Muntazah",AC SERVICES DOING BY SRI LANKAN TECHNICIANS,
"Household Services, Doha",Maintenance work call me 33131792,33131792
"Household Services, Najma",A/C SERVICE GASH REPIL AND ALL ELETRICAL WORK,
"Household Services, Al Muntazah",Airconditioning Repair and maintenance - Yearly Contract or Onetime call,
"Household Services, Al Hilal",1 BHK FULLY FURNISHED VILLA W PARKING-SHARING,
"Household Services, New Al Rayyan / Al Wajba",Home Care Nurse Available ,
"Household Services, Doha",babysitting monthly contracts ,
"Household Services, Other",drilling machine,
"Household Services, Doha",Princess Hospitality & Cleaning,
